lq_time,bos_time,return_time,entry_price,outcome,return_pct,symbol
1771085700,1771111800,1771236000,919.44,partial_then_breakeven_stop,0.5215,R_100
1771085700,1771139700,1771236000,919.44,partial_then_breakeven_stop,0.5215,R_100
1771395300,1771399800,1771412400,814.88,partial_then_breakeven_stop,0.5884,R_100
1771982100,1772059500,1772203500,803.82,stopped_full_loss,-0.6174,R_100
1772050500,1772059500,1772119800,841.25,partial_then_breakeven_stop,0.5699,R_100
1772570700,1772592300,1772682300,772.71,partial_then_breakeven_stop,0.6205,R_100
1772848800,1772857800,1772864100,747.51,partial_then_breakeven_stop,0.6414,R_100
1773100800,1773279000,1773306000,638.98,stopped_full_loss,-0.7767,R_100
1773268200,1773279000,1773351900,607.82,stopped_full_loss,-0.8165,R_100
1773268200,1773441000,1773441900,599.95,stopped_full_loss,-0.8273,R_100
1773419400,1773441000,1773445500,593.72,partial_then_breakeven_stop,0.8075,R_100
1773419400,1773549900,1773594000,594.64,partial_then_breakeven_stop,0.8063,R_100
1773482400,1773549900,1773662400,571.74,stopped_full_loss,-0.8681,R_100
1773536400,1773549900,1773593100,595.91,partial_then_breakeven_stop,0.8046,R_100
1773536400,1773679500,1773767700,594.14,partial_then_time_exit,2.2333,R_100
1773536400,1773694800,1773767700,594.14,partial_then_time_exit,2.2333,R_100
1773880200,1773889200,1773900000,588.93,partial_then_time_exit,3.8916,R_100
1773880200,1773927900,1774070100,590.49,partial_then_breakeven_stop,0.8119,R_100
1774099800,1774104300,1774109700,629.8,partial_then_breakeven_stop,0.7613,R_100
1774099800,1774238400,1774305900,629.07,partial_then_time_exit,2.7189,R_100
1774229400,1774238400,1774296900,638.75,stopped_full_loss,-0.777,R_100
1774229400,1774330200,1774449900,640.12,partial_then_time_exit,5.9683,R_100
1774229400,1774374300,1774449900,640.12,partial_then_time_exit,5.9683,R_100
1774229400,1774395000,1774449900,640.12,partial_then_time_exit,5.9683,R_100
1774386900,1774395000,1774405800,672.07,partial_then_breakeven_stop,0.7134,R_100
1774548000,1774562400,1774565100,681.54,partial_then_breakeven_stop,0.7035,R_100
1774710900,1774719000,1774734300,699.64,partial_then_time_exit,2.4626,R_100
1774710900,1774752300,1774877400,697.59,partial_then_breakeven_stop,0.6873,R_100
1774710900,1774806300,1774877400,697.59,partial_then_breakeven_stop,0.6873,R_100
1774980000,1775007900,1775062800,626.83,partial_then_breakeven_stop,0.7649,R_100
1775118600,1775162700,1775225700,609.7,partial_then_breakeven_stop,0.7864,R_100
1775118600,1775295900,1775438100,609.4,partial_then_time_exit,3.0504,R_100
1775169000,1775295900,1775417400,622.9,partial_then_breakeven_stop,0.7697,R_100
1775169000,1775332800,1775417400,622.9,partial_then_breakeven_stop,0.7697,R_100
1775349000,1775473200,1775492100,656.52,stopped_full_loss,-0.756,R_100
1775541600,1775579400,1775585700,646.1,partial_then_breakeven_stop,0.7421,R_100
1775541600,1775605500,1775609100,646.21,partial_then_time_exit,2.14,R_100
1775921400,1775946600,1775950200,703.59,partial_then_time_exit,4.1045,R_100
1775997000,1776012300,1776078000,745.74,partial_then_breakeven_stop,0.6429,R_100
1776031200,1776121200,1776196800,760.0,stopped_full_loss,-0.653,R_100
1776199500,1776217500,1776230100,752.51,partial_then_time_exit,3.6497,R_100
1776729600,1776735900,1776742200,756.59,partial_then_breakeven_stop,0.6337,R_100
1776729600,1776843000,1776844800,756.35,partial_then_breakeven_stop,0.6339,R_100
1777770900,1777843800,1777936500,615.26,partial_then_breakeven_stop,0.7793,R_100
1778017500,1778078700,1778163300,541.18,partial_then_time_exit,1.8328,R_100
1778017500,1778174100,1778336100,541.94,stopped_full_loss,-0.9158,R_100
1778043600,1778078700,1778084100,550.15,partial_then_breakeven_stop,0.8715,R_100
1778043600,1778174100,1778178600,550.34,partial_then_breakeven_stop,0.8712,R_100
1778705100,1778880600,1778881500,403.54,stopped_full_loss,-1.2299,R_100
1778851800,1778880600,1778895000,394.5,partial_then_breakeven_stop,1.2153,R_100
1778851800,1778953500,1778954400,393.13,partial_then_time_exit,2.4112,R_100
1778998500,1779101100,1779103800,408.5,partial_then_time_exit,2.6191,R_100
1779282000,1779398100,1779406200,401.88,partial_then_breakeven_stop,1.193,R_100
1779569100,1779592500,1779598800,375.05,partial_then_breakeven_stop,1.2784,R_100
1780368300,1780508700,1780509600,350.69,stopped_full_loss,-1.4152,R_100
1780668000,1780700400,1780809300,332.31,stopped_full_loss,-1.4935,R_100
1780668000,1780739100,1780809300,332.31,stopped_full_loss,-1.4935,R_100
1780707600,1780739100,1780740900,341.16,stopped_full_loss,-1.4548,R_100
1780836300,1780920900,1780947000,309.58,partial_then_time_exit,4.4913,R_100
1780913700,1780920900,1780921800,306.64,partial_then_time_exit,3.7598,R_100
1781128800,1781143200,1781163900,345.44,partial_then_time_exit,3.7949,R_100
1781336700,1781367300,1781368200,338.69,stopped_full_loss,-1.4654,R_100
1781768700,1781944200,1781945100,332.78,partial_then_time_exit,2.5284,R_100
1781926200,1781944200,1781945100,332.78,partial_then_time_exit,2.5284,R_100
1781926200,1781987400,1781988300,339.78,partial_then_breakeven_stop,1.4111,R_100
1781926200,1782045900,1782054900,341.45,partial_then_time_exit,6.4252,R_100
1782574200,1782590400,1782598500,254.7,partial_then_time_exit,5.9125,R_100
1782705600,1782797400,1782798300,272.66,time_exit_full,1.4397,R_100
1782705600,1782849600,1782855000,273.18,partial_then_time_exit,5.1995,R_100
1782901800,1782910800,1782912600,293.26,partial_then_time_exit,4.0012,R_100
1782988200,1783107900,1783108800,312.54,partial_then_breakeven_stop,1.534,R_100
1783223100,1783233000,1783291500,362.15,partial_then_time_exit,4.6663,R_100
1783448100,1783468800,1783470600,396.74,partial_then_time_exit,5.2412,R_100
1783525500,1783545300,1783548000,419.28,partial_then_time_exit,4.3036,R_100
1783599300,1783605600,1783608300,435.01,partial_then_time_exit,3.2066,R_100
1783599300,1783653300,1783762200,436.94,partial_then_time_exit,2.2106,R_100
1783657800,1783784700,1783785600,442.55,partial_then_time_exit,3.3124,R_100
1783657800,1783800000,1783804500,448.07,partial_then_time_exit,3.7927,R_100
1783830600,1783836000,1783839600,467.13,partial_then_time_exit,2.4862,R_100
1783830600,1784003400,1784178900,465.19,partial_then_breakeven_stop,1.0306,R_100
1783917000,1784003400,1784092500,495.09,stopped_full_loss,-1.0025,R_100
1784010600,1784121300,1784261700,498.6,partial_then_breakeven_stop,0.9616,R_100
1784010600,1784137500,1784261700,498.6,partial_then_breakeven_stop,0.9616,R_100
1784010600,1784188800,1784261700,498.6,partial_then_breakeven_stop,0.9616,R_100
1784115900,1784121300,1784122200,476.59,partial_then_breakeven_stop,1.006,R_100
1784115900,1784137500,1784141100,476.99,partial_then_breakeven_stop,1.0052,R_100
1784115900,1784188800,1784189700,473.61,stopped_full_loss,-1.0479,R_100
1784115900,1784212200,1784218500,479.92,partial_then_time_exit,3.1764,R_100
1784254500,1784266200,1784272500,495.29,partial_then_time_exit,2.7366,R_100
1784254500,1784434500,1784557800,493.63,partial_then_time_exit,2.0185,R_100
1784293200,1784299500,1784300400,506.41,partial_then_time_exit,2.016,R_100
1784293200,1784434500,1784516400,506.53,partial_then_breakeven_stop,0.9465,R_100
1784341800,1784434500,1784500200,507.87,partial_then_breakeven_stop,0.944,R_100
1784425500,1784434500,1784467800,531.81,stopped_full_loss,-0.9333,R_100
1784425500,1784578500,1784607300,524.99,partial_then_time_exit,2.5789,R_100
1784673900,1784768400,1784770200,519.03,stopped_full_loss,-0.9562,R_100
1784928600,1785087000,1785087900,543.42,stopped_full_loss,-0.9133,R_100
1785042900,1785087000,1785127500,519.54,partial_then_breakeven_stop,0.9228,R_100
1785248100,1785341700,1785343500,562.98,partial_then_breakeven_stop,0.8516,R_100
1785248100,1785406500,1785420000,563.25,partial_then_time_exit,2.694,R_100
1785321900,1785341700,1785368700,557.73,partial_then_time_exit,2.3585,R_100
1785343500,1785406500,1785413700,566.78,partial_then_time_exit,1.6098,R_100
1785343500,1785438000,1785442500,568.06,partial_then_time_exit,2.2698,R_100
1785587400,1785679200,1785788100,621.28,partial_then_time_exit,1.5016,R_100
1785587400,1785719700,1785788100,621.28,partial_then_time_exit,1.5016,R_100
1785693600,1785719700,1785735900,641.39,partial_then_breakeven_stop,0.7475,R_100
1786076100,1786149900,1786196700,610.21,stopped_full_loss,-0.8133,R_100
1786140900,1786149900,1786151700,625.75,partial_then_breakeven_stop,0.7662,R_100
1786140900,1786274100,1786275000,618.31,stopped_full_loss,-0.8027,R_100
1786310100,1786359600,1786365000,629.91,partial_then_breakeven_stop,0.7611,R_100
1786310100,1786373100,1786382100,627.76,partial_then_time_exit,3.2742,R_100
1786310100,1786401900,1786411800,629.54,partial_then_time_exit,4.7493,R_100
1786412700,1786455000,1786615200,636.36,partial_then_breakeven_stop,0.7534,R_100
1786432500,1786455000,1786469400,657.51,partial_then_breakeven_stop,0.7292,R_100
1787336100,1787342400,1787344200,577.8,stopped_full_loss,-0.859,R_100
1787389200,1787399100,1787403600,602.6,partial_then_breakeven_stop,0.7956,R_100
1787389200,1787514300,1787671800,601.01,stopped_full_loss,-0.8258,R_100
1787389200,1787559300,1787671800,601.01,stopped_full_loss,-0.8258,R_100
1787533200,1787559300,1787568300,613.38,partial_then_breakeven_stop,0.7816,R_100
1787533200,1787713200,1787786100,613.11,stopped_full_loss,-0.8095,R_100
1787724000,1787857200,1787858100,618.04,stopped_full_loss,-0.803,R_100
1787788800,1787857200,1787861700,606.76,partial_then_time_exit,2.6755,R_100
1788021900,1788049800,1788051600,586.23,stopped_full_loss,-0.8466,R_100
1788021900,1788112800,1788198300,586.69,stopped_full_loss,-0.846,R_100
1788104700,1788112800,1788122700,605.56,partial_then_breakeven_stop,0.7917,R_100
1788104700,1788210000,1788210900,596.31,stopped_full_loss,-0.8323,R_100
1788104700,1788249600,1788262200,602.16,partial_then_time_exit,2.9069,R_100
1788140700,1788210000,1788211800,593.45,stopped_full_loss,-0.8363,R_100
1788263100,1788342300,1788415200,597.56,partial_then_breakeven_stop,0.8023,R_100
1788303600,1788342300,1788348600,615.91,stopped_full_loss,-0.8058,R_100
1771075800,1771152300,1771188300,26891.6313,stopped_full_loss,-0.8627,R_75
1771075800,1771191900,1771192800,27032.5218,stopped_full_loss,-0.8582,R_75
1771075800,1771219800,1771223400,27311.6399,partial_then_time_exit,1.3668,R_75
1771136100,1771152300,1771173000,26319.8676,partial_then_time_exit,3.4092,R_75
1771156800,1771191900,1771194600,26691.8585,stopped_full_loss,-0.8692,R_75
1771224300,1771280100,1771281900,27605.7078,partial_then_time_exit,1.6614,R_75
1771458300,1771461000,1771463700,30269.9893,partial_then_breakeven_stop,0.7404,R_75
1771458300,1771477200,1771479900,30270.0033,partial_then_time_exit,4.4681,R_75
1771612200,1771645500,1771816500,33712.3753,stopped_full_loss,-0.6882,R_75
1771974900,1772037900,1772040600,34643.0208,stopped_full_loss,-0.6697,R_75
1771974900,1772055900,1772073000,34610.5631,partial_then_time_exit,4.8539,R_75
1772043300,1772055900,1772071200,34684.4431,partial_then_time_exit,4.7655,R_75
1772043300,1772206200,1772352900,34595.5824,stopped_full_loss,-0.6706,R_75
1772129700,1772206200,1772207100,36550.3153,partial_then_breakeven_stop,0.6132,R_75
1772300700,1772310600,1772320500,34832.6687,partial_then_breakeven_stop,0.6434,R_75
1772300700,1772431200,1772501400,34881.8515,partial_then_breakeven_stop,0.6425,R_75
1772522100,1772546400,1772653500,34284.1709,partial_then_breakeven_stop,0.6537,R_75
1772522100,1772557200,1772653500,34284.1709,partial_then_breakeven_stop,0.6537,R_75
1772552700,1772557200,1772562600,35516.8707,partial_then_breakeven_stop,0.631,R_75
1772729100,1772883900,1773012600,31366.3815,stopped_full_loss,-0.7396,R_75
1772773200,1772883900,1772931600,32889.3325,partial_then_breakeven_stop,0.6814,R_75
1772812800,1772883900,1772884800,33441.7347,partial_then_breakeven_stop,0.6702,R_75
1773123300,1773151200,1773158400,33085.7637,partial_then_breakeven_stop,0.6774,R_75
1773123300,1773171000,1773171900,33162.8217,partial_then_time_exit,3.5388,R_75
1773208800,1773372600,1773373500,34623.5438,stopped_full_loss,-0.6701,R_75
1773367200,1773372600,1773373500,34623.5438,stopped_full_loss,-0.6701,R_75
1773367200,1773405000,1773412200,34622.3841,partial_then_time_exit,3.4193,R_75
1773484200,1773605700,1773727200,36263.1898,stopped_full_loss,-0.6398,R_75
1773484200,1773653400,1773727200,36263.1898,stopped_full_loss,-0.6398,R_75
1773598500,1773605700,1773732600,36139.675,stopped_full_loss,-0.6419,R_75
1773598500,1773653400,1773732600,36139.675,stopped_full_loss,-0.6419,R_75
1773598500,1773750600,1773755100,36157.5007,partial_then_time_exit,3.6035,R_75
1773598500,1773766800,1773873900,36151.2554,stopped_full_loss,-0.6417,R_75
1773617400,1773653400,1773656100,36597.8289,partial_then_time_exit,2.0341,R_75
1773617400,1773750600,1773751500,36565.9549,stopped_full_loss,-0.6345,R_75
1773617400,1773766800,1773781200,36672.1412,partial_then_time_exit,2.3359,R_75
1773828900,1773937800,1773978300,37225.3501,partial_then_breakeven_stop,0.602,R_75
1774266300,1774280700,1774285200,31905.8921,partial_then_breakeven_stop,0.7024,R_75
1774266300,1774321200,1774329300,31908.8599,partial_then_time_exit,2.8121,R_75
1774266300,1774359000,1774447200,31869.6827,partial_then_breakeven_stop,0.7032,R_75
1774597500,1774700100,1774702800,34506.007,stopped_full_loss,-0.6723,R_75
1774597500,1774728900,1774777500,34348.5162,partial_then_breakeven_stop,0.6525,R_75
1774682100,1774700100,1774803600,34042.4374,stopped_full_loss,-0.6815,R_75
1774682100,1774728900,1774803600,34042.4374,stopped_full_loss,-0.6815,R_75
1775555100,1775574000,1775580300,32812.8257,partial_then_time_exit,0.8342,R_75
1775800800,1775820600,1775837700,32700.0991,partial_then_breakeven_stop,0.6854,R_75
1775800800,1775978100,1776134700,32554.4633,partial_then_breakeven_stop,0.6884,R_75
1775872800,1775978100,1775979900,33235.2496,stopped_full_loss,-0.698,R_75
1775872800,1776016800,1776122100,33207.5965,stopped_full_loss,-0.6986,R_75
1776014100,1776016800,1776020400,33645.4875,partial_then_time_exit,3.3597,R_75
1776339000,1776360600,1776378600,34351.9818,partial_then_time_exit,1.2084,R_75
1776339000,1776483900,1776497400,33980.4952,partial_then_breakeven_stop,0.6595,R_75
1776339000,1776504600,1776505500,34250.8664,stopped_full_loss,-0.6773,R_75
1776464100,1776537000,1776710700,32661.041,partial_then_time_exit,2.5665,R_75
1776464100,1776555900,1776710700,32661.041,partial_then_time_exit,2.5665,R_75
1776464100,1776594600,1776710700,32661.041,partial_then_time_exit,2.5665,R_75
1776489300,1776504600,1776525300,33390.8182,stopped_full_loss,-0.6948,R_75
1776489300,1776537000,1776539700,33505.4604,partial_then_time_exit,3.2276,R_75
1776489300,1776555900,1776699900,33446.3662,stopped_full_loss,-0.6936,R_75
1776489300,1776594600,1776699900,33446.3662,stopped_full_loss,-0.6936,R_75
1776563100,1776594600,1776659400,34391.4697,stopped_full_loss,-0.6746,R_75
1776563100,1776733200,1776757500,34036.7557,partial_then_breakeven_stop,0.6584,R_75
1777105800,1777109400,1777111200,33945.3624,partial_then_breakeven_stop,0.6602,R_75
1777105800,1777137300,1777143600,33913.9493,partial_then_breakeven_stop,0.6608,R_75
1777105800,1777217400,1777224600,33935.0307,partial_then_breakeven_stop,0.6604,R_75
1777196700,1777217400,1777266900,33412.7338,partial_then_time_exit,2.2022,R_75
1777284000,1777288500,1777289400,33805.8553,partial_then_time_exit,1.9418,R_75
1777326300,1777481100,1777548600,34125.7507,stopped_full_loss,-0.6798,R_75
1777491900,1777602600,1777631400,35494.7449,partial_then_breakeven_stop,0.6314,R_75
1777491900,1777667400,1777669200,35795.1787,stopped_full_loss,-0.6481,R_75
1777662000,1777667400,1777677300,35615.8521,partial_then_time_exit,1.4988,R_75
1778269500,1778292900,1778373900,33903.7546,stopped_full_loss,-0.6843,R_75
1778269500,1778396400,1778469300,33906.482,partial_then_breakeven_stop,0.661,R_75
1778301900,1778396400,1778397300,34215.7998,partial_then_time_exit,1.4776,R_75
1778596200,1778603400,1778614200,31136.8314,partial_then_time_exit,2.847,R_75
1778596200,1778776200,1778777100,31012.6761,stopped_full_loss,-0.7481,R_75
1778706000,1778776200,1778780700,30609.4146,stopped_full_loss,-0.7579,R_75
1778706000,1778805900,1778840100,30576.2192,partial_then_breakeven_stop,0.733,R_75
1779134400,1779206400,1779209100,26620.0395,partial_then_time_exit,1.0927,R_75
1779134400,1779247800,1779255900,26688.7992,partial_then_time_exit,2.2133,R_75
1779255900,1779330600,1779394500,26879.5242,partial_then_time_exit,2.0476,R_75
1779255900,1779408000,1779472800,26804.5333,stopped_full_loss,-0.8655,R_75
1779255900,1779428700,1779472800,26804.5333,stopped_full_loss,-0.8655,R_75
1779510600,1779543900,1779552000,28004.1246,partial_then_time_exit,2.8336,R_75
1779510600,1779646500,1779736500,28027.0849,partial_then_time_exit,1.6945,R_75
1779630300,1779646500,1779651900,29181.0304,partial_then_breakeven_stop,0.768,R_75
1779822000,1779830100,1779843600,29349.8476,partial_then_time_exit,3.8423,R_75
1779822000,1779858900,1780038900,29350.6044,partial_then_breakeven_stop,0.7636,R_75
1779822000,1779976800,1780038900,29350.6044,partial_then_breakeven_stop,0.7636,R_75
1779865200,1779976800,1780009200,29989.5254,stopped_full_loss,-0.7736,R_75
1779892200,1779976800,1779994800,30704.0152,stopped_full_loss,-0.7556,R_75
1780146000,1780245000,1780245900,28217.0783,stopped_full_loss,-0.8222,R_75
1780356600,1780399800,1780403400,27592.5117,partial_then_time_exit,2.97,R_75
1780521300,1780524000,1780524900,28897.4045,partial_then_time_exit,2.5591,R_75
1780555500,1780572600,1780599600,29570.1897,partial_then_breakeven_stop,0.7579,R_75
1780555500,1780606800,1780614000,29562.0611,partial_then_time_exit,1.4997,R_75
1780577100,1780606800,1780608600,29841.9699,stopped_full_loss,-0.7774,R_75
1781008200,1781078400,1781109900,33995.9539,partial_then_time_exit,1.2376,R_75
1781008200,1781114400,1781142300,34133.4091,partial_then_breakeven_stop,0.6566,R_75
1781070300,1781078400,1781087400,34549.3547,partial_then_breakeven_stop,0.6487,R_75
1781070300,1781114400,1781115300,34248.5055,partial_then_breakeven_stop,0.6544,R_75
1781237700,1781308800,1781311500,36739.0662,stopped_full_loss,-0.6315,R_75
1781237700,1781341200,1781343000,36752.1729,partial_then_time_exit,1.7403,R_75
1781237700,1781365500,1781494200,36785.5156,stopped_full_loss,-0.6307,R_75
1781237700,1781397000,1781494200,36785.5156,stopped_full_loss,-0.6307,R_75
1781271000,1781397000,1781556300,36084.4963,partial_then_time_exit,4.0533,R_75
1781271000,1781420400,1781556300,36084.4963,partial_then_time_exit,4.0533,R_75
1781314200,1781341200,1781496000,36361.8776,stopped_full_loss,-0.638,R_75
1781314200,1781365500,1781496000,36361.8776,stopped_full_loss,-0.638,R_75
1781314200,1781397000,1781496000,36361.8776,stopped_full_loss,-0.638,R_75
1781314200,1781420400,1781496000,36361.8776,stopped_full_loss,-0.638,R_75
1781402400,1781420400,1781460900,37474.2288,partial_then_breakeven_stop,0.598,R_75
1781402400,1781568900,1781580600,37434.7589,partial_then_time_exit,2.9465,R_75
1781606700,1781706600,1781710200,38492.163,partial_then_breakeven_stop,0.5822,R_75
1781606700,1781776800,1781783100,38130.2622,stopped_full_loss,-0.6084,R_75
1781766900,1781776800,1781811000,37246.7284,partial_then_time_exit,1.403,R_75
1781766900,1781874900,1781937900,37263.2636,stopped_full_loss,-0.6226,R_75
1781840700,1781874900,1781894700,37962.9294,partial_then_breakeven_stop,0.5903,R_75
1781840700,1781967600,1781969400,37984.0065,stopped_full_loss,-0.6108,R_75
1782546300,1782552600,1782576000,43335.1188,partial_then_breakeven_stop,0.5172,R_75
1782645300,1782810000,1782926100,45307.8025,partial_then_time_exit,3.3544,R_75
1782673200,1782810000,1782908100,45534.2027,partial_then_breakeven_stop,0.4922,R_75
1783019700,1783047600,1783143900,48554.1048,partial_then_breakeven_stop,0.4616,R_75
1783019700,1783078200,1783143900,48554.1048,partial_then_breakeven_stop,0.4616,R_75
1783233900,1783302300,1783307700,49055.6333,partial_then_breakeven_stop,0.4569,R_75
1783451700,1783458900,1783482300,50574.4127,partial_then_time_exit,2.3221,R_75
1783551600,1783605600,1783614600,52326.5301,partial_then_time_exit,1.402,R_75
1783615500,1783649700,1783819800,52541.3871,partial_then_time_exit,3.1598,R_75
1783615500,1783683900,1783819800,52541.3871,partial_then_time_exit,3.1598,R_75
1783645200,1783649700,1783653300,52939.4202,partial_then_breakeven_stop,0.4233,R_75
1783645200,1783683900,1783798200,53003.9224,stopped_full_loss,-0.4377,R_75
1784079000,1784087100,1784091600,51675.0582,partial_then_breakeven_stop,0.4337,R_75
1784444400,1784471400,1784522700,52143.3437,partial_then_breakeven_stop,0.4298,R_75
1784444400,1784586600,1784619900,51918.6238,stopped_full_loss,-0.4468,R_75
1784713500,1784719800,1784722500,49666.771,partial_then_time_exit,1.6899,R_75
1784713500,1784738700,1784782800,49685.5039,stopped_full_loss,-0.4669,R_75
1785259800,1785343500,1785448800,50158.3598,stopped_full_loss,-0.4625,R_75
1785259800,1785364200,1785448800,50158.3598,stopped_full_loss,-0.4625,R_75
1785357000,1785364200,1785370500,50802.8415,partial_then_time_exit,1.2509,R_75
1785609000,1785637800,1785715200,49035.2924,partial_then_breakeven_stop,0.457,R_75
1785609000,1785684600,1785715200,49035.2924,partial_then_breakeven_stop,0.457,R_75
1785761100,1785870000,1786003200,49816.4131,partial_then_breakeven_stop,0.4499,R_75
1785761100,1785902400,1786003200,49816.4131,partial_then_breakeven_stop,0.4499,R_75
1786192200,1786224600,1786227300,48441.8323,partial_then_time_exit,2.9281,R_75
1786192200,1786338000,1786393800,48431.6288,stopped_full_loss,-0.479,R_75
1786282200,1786338000,1786343400,49705.6021,stopped_full_loss,-0.4667,R_75
1786950000,1786961700,1786968000,46839.9375,partial_then_time_exit,3.557,R_75
1786950000,1786994100,1787062500,46923.399,partial_then_breakeven_stop,0.4776,R_75
1787194800,1787214600,1787340600,47223.8788,partial_then_time_exit,3.085,R_75
1787194800,1787245200,1787340600,47223.8788,partial_then_time_exit,3.085,R_75
1787392800,1787421600,1787430600,48373.6723,stopped_full_loss,-0.4796,R_75
1787392800,1787501700,1787670000,48289.1513,partial_then_breakeven_stop,0.4641,R_75
1787392800,1787551200,1787670000,48289.1513,partial_then_breakeven_stop,0.4641,R_75
1787455800,1787483700,1787651100,48745.5968,stopped_full_loss,-0.4759,R_75
1787455800,1787501700,1787651100,48745.5968,stopped_full_loss,-0.4759,R_75
1787455800,1787551200,1787651100,48745.5968,stopped_full_loss,-0.4759,R_75
1787491800,1787501700,1787516100,49484.7563,partial_then_breakeven_stop,0.4529,R_75
1787491800,1787551200,1787636700,49185.7515,stopped_full_loss,-0.4717,R_75
1788960600,1788982200,1788984900,46761.2011,partial_then_time_exit,1.1653,R_75
1771109100,1771118100,1771125300,115.5534,partial_then_breakeven_stop,0.3402,R_50
1771168500,1771177500,1771225200,117.0753,partial_then_breakeven_stop,0.3358,R_50
1771168500,1771235100,1771238700,117.1778,partial_then_breakeven_stop,0.3355,R_50
1771168500,1771335000,1771488000,117.2041,stopped_full_loss,-0.3472,R_50
1771182900,1771235100,1771236900,117.5823,stopped_full_loss,-0.3461,R_50
1771182900,1771278300,1771281000,117.7944,stopped_full_loss,-0.3455,R_50
1771182900,1771335000,1771347600,117.7856,partial_then_time_exit,2.2595,R_50
1771282800,1771335000,1771347600,117.7856,partial_then_time_exit,2.2595,R_50
1771910100,1771918200,1771920000,108.4809,partial_then_breakeven_stop,0.3624,R_50
1771910100,1771990200,1772001000,107.7779,partial_then_time_exit,2.2249,R_50
1772066700,1772114400,1772164800,112.0909,stopped_full_loss,-0.3631,R_50
1772066700,1772182800,1772192700,111.8359,partial_then_breakeven_stop,0.3516,R_50
1772169300,1772182800,1772193600,111.599,partial_then_breakeven_stop,0.3523,R_50
1772749800,1772901900,1772902800,108.3283,stopped_full_loss,-0.3757,R_50
1772825400,1772901900,1772918100,107.4202,partial_then_time_exit,2.047,R_50
1772954100,1772982900,1772997300,110.578,partial_then_time_exit,0.5938,R_50
1773469800,1773542700,1773722700,99.9266,stopped_full_loss,-0.4073,R_50
1773469800,1773572400,1773722700,99.9266,stopped_full_loss,-0.4073,R_50
1773732600,1773801900,1773854100,99.246,stopped_full_loss,-0.4101,R_50
1773732600,1773881100,1773882000,99.1321,stopped_full_loss,-0.4106,R_50
1773808200,1773881100,1773895500,99.9691,partial_then_breakeven_stop,0.3933,R_50
1773808200,1773903600,1773905400,99.8845,partial_then_breakeven_stop,0.3936,R_50
1774034100,1774099800,1774143000,102.6727,partial_then_breakeven_stop,0.3829,R_50
1774095300,1774099800,1774105200,103.499,partial_then_breakeven_stop,0.3799,R_50
1774095300,1774178100,1774211400,103.4324,partial_then_time_exit,1.5567,R_50
1774234800,1774242900,1774288800,104.649,partial_then_time_exit,1.5047,R_50
1774234800,1774305000,1774383300,104.8991,stopped_full_loss,-0.388,R_50
1774234800,1774396800,1774399500,104.8566,stopped_full_loss,-0.3881,R_50
1774313100,1774396800,1774397700,105.1766,stopped_full_loss,-0.387,R_50
1774389600,1774396800,1774401300,104.327,partial_then_time_exit,2.2234,R_50
1774685700,1774776600,1774800900,103.8106,stopped_full_loss,-0.3921,R_50
1774946700,1775079900,1775253600,99.2936,stopped_full_loss,-0.4099,R_50
1775069100,1775079900,1775223000,101.9083,partial_then_breakeven_stop,0.3858,R_50
1775366100,1775371500,1775411100,88.8678,stopped_full_loss,-0.458,R_50
1775631600,1775682900,1775683800,86.8164,stopped_full_loss,-0.4688,R_50
1775796300,1775809800,1775810700,81.5476,partial_then_time_exit,1.1734,R_50
1775833200,1775955600,1776104100,81.937,partial_then_breakeven_stop,0.4798,R_50
1775875500,1775955600,1775970000,83.6341,partial_then_breakeven_stop,0.4701,R_50
1776225600,1776368700,1776391200,81.87,stopped_full_loss,-0.4971,R_50
1776225600,1776402000,1776402900,81.8219,partial_then_breakeven_stop,0.4805,R_50
1776556800,1776583800,1776595500,84.0415,partial_then_time_exit,1.3943,R_50
1776740400,1776770100,1776774600,88.5627,partial_then_breakeven_stop,0.4439,R_50
1776740400,1776891600,1776909600,88.3282,stopped_full_loss,-0.4608,R_50
1776740400,1776909600,1776910500,88.096,stopped_full_loss,-0.462,R_50
1776899700,1776909600,1776920400,87.5074,partial_then_time_exit,2.1168,R_50
1777065300,1777077000,1777103100,92.5536,partial_then_breakeven_stop,0.4248,R_50
1777065300,1777161600,1777175100,92.4101,partial_then_time_exit,1.0004,R_50
1777217400,1777232700,1777245300,93.6677,partial_then_time_exit,1.7463,R_50
1777304700,1777316400,1777356900,95.4154,stopped_full_loss,-0.4265,R_50
1777304700,1777425300,1777589100,95.4074,stopped_full_loss,-0.4266,R_50
1777304700,1777437900,1777589100,95.4074,stopped_full_loss,-0.4266,R_50
1777430700,1777437900,1777563900,96.2023,stopped_full_loss,-0.4231,R_50
1777430700,1777497300,1777563900,96.2023,stopped_full_loss,-0.4231,R_50
1777445100,1777497300,1777556700,96.8235,stopped_full_loss,-0.4203,R_50
1778017500,1778068800,1778112900,90.7749,stopped_full_loss,-0.4484,R_50
1778017500,1778161500,1778164200,90.8408,partial_then_time_exit,0.9606,R_50
1778058000,1778068800,1778070600,91.3517,partial_then_breakeven_stop,0.4304,R_50
1778058000,1778161500,1778162400,91.1063,stopped_full_loss,-0.4467,R_50
1778058000,1778236200,1778321700,90.6293,partial_then_breakeven_stop,0.4338,R_50
1778670000,1778693400,1778788800,87.4746,partial_then_breakeven_stop,0.4495,R_50
1778864400,1779012000,1779161400,84.9284,partial_then_breakeven_stop,0.4629,R_50
1778946300,1778956200,1778961600,85.3965,partial_then_time_exit,1.1522,R_50
1778946300,1779012000,1779158700,85.149,partial_then_breakeven_stop,0.4617,R_50
1778946300,1779068700,1779158700,85.149,partial_then_breakeven_stop,0.4617,R_50
1779007500,1779012000,1779023700,86.0502,partial_then_breakeven_stop,0.4569,R_50
1779007500,1779068700,1779073200,86.2105,partial_then_time_exit,0.4826,R_50
1779007500,1779167700,1779168600,85.6033,stopped_full_loss,-0.4754,R_50
1779007500,1779182100,1779184800,86.1394,stopped_full_loss,-0.4725,R_50
1779238800,1779258600,1779272100,86.0754,partial_then_breakeven_stop,0.4568,R_50
1779238800,1779363900,1779462900,85.4894,partial_then_time_exit,1.4135,R_50
1779776100,1779779700,1779781500,88.7101,partial_then_breakeven_stop,0.4432,R_50
1780215300,1780227900,1780232400,94.5395,partial_then_breakeven_stop,0.4159,R_50
1780215300,1780309800,1780400700,94.61,stopped_full_loss,-0.4302,R_50
1780463700,1780484400,1780582500,92.462,partial_then_breakeven_stop,0.4252,R_50
1780463700,1780522200,1780582500,92.462,partial_then_breakeven_stop,0.4252,R_50
1780493400,1780522200,1780523100,93.383,partial_then_time_exit,0.8333,R_50
1780493400,1780644600,1780647300,92.8682,stopped_full_loss,-0.4382,R_50
1780806600,1780933500,1781076600,93.2603,partial_then_time_exit,1.2077,R_50
1780806600,1780951500,1781076600,93.2603,partial_then_time_exit,1.2077,R_50
1780920900,1780933500,1780997400,95.8673,partial_then_breakeven_stop,0.4101,R_50
1780920900,1780951500,1780997400,95.8673,partial_then_breakeven_stop,0.4101,R_50
1780940700,1780951500,1780978500,96.4978,partial_then_breakeven_stop,0.4074,R_50
1781697600,1781782200,1781797500,95.3408,stopped_full_loss,-0.4269,R_50
1781762400,1781782200,1781801100,94.7791,partial_then_breakeven_stop,0.4148,R_50
1781999100,1782018900,1782021600,89.9835,partial_then_time_exit,0.9389,R_50
1781999100,1782029700,1782082800,89.8443,partial_then_time_exit,2.0057,R_50
1782115200,1782129600,1782227700,91.2119,partial_then_breakeven_stop,0.431,R_50
1782134100,1782298800,1782310500,91.9356,stopped_full_loss,-0.4427,R_50
1782134100,1782311400,1782315000,91.8294,stopped_full_loss,-0.4432,R_50
1782363600,1782441900,1782442800,93.3728,stopped_full_loss,-0.4359,R_50
1782434700,1782441900,1782443700,93.0175,partial_then_time_exit,1.1944,R_50
1782893700,1782900900,1782909000,85.6688,partial_then_time_exit,1.4959,R_50
1783043100,1783055700,1783068300,91.6009,partial_then_breakeven_stop,0.4292,R_50
1783043100,1783213200,1783216800,91.4871,stopped_full_loss,-0.4449,R_50
1783159200,1783213200,1783322100,89.7126,stopped_full_loss,-0.4537,R_50
1783332900,1783440900,1783452600,88.8461,partial_then_breakeven_stop,0.4425,R_50
1783431000,1783440900,1783451700,89.0301,partial_then_breakeven_stop,0.4416,R_50
1783567800,1783670400,1783672200,85.6852,partial_then_breakeven_stop,0.4588,R_50
1783645200,1783670400,1783677600,85.3428,partial_then_time_exit,1.8977,R_50
1784071800,1784106000,1784123100,94.2787,partial_then_time_exit,2.3008,R_50
1784318400,1784335500,1784345400,96.5208,partial_then_time_exit,0.9189,R_50
1784318400,1784418300,1784510100,96.088,stopped_full_loss,-0.4236,R_50
1784318400,1784475000,1784510100,96.088,stopped_full_loss,-0.4236,R_50
1784469600,1784475000,1784477700,98.5579,partial_then_breakeven_stop,0.3989,R_50
1784671200,1784743200,1784753100,90.828,partial_then_breakeven_stop,0.4329,R_50
1784707200,1784743200,1784747700,90.4549,partial_then_breakeven_stop,0.4346,R_50
1785381300,1785393000,1785479400,110.5375,partial_then_time_exit,1.0569,R_50
1785381300,1785414600,1785479400,110.5375,partial_then_time_exit,1.0569,R_50
1785393900,1785414600,1785418200,111.4099,partial_then_time_exit,0.5209,R_50
1785756600,1785853800,1785955500,103.5909,stopped_full_loss,-0.3929,R_50
1785756600,1785885300,1785955500,103.5909,stopped_full_loss,-0.3929,R_50
1785825000,1785853800,1785933900,103.9814,partial_then_breakeven_stop,0.3781,R_50
1785825000,1785885300,1785933900,103.9814,partial_then_breakeven_stop,0.3781,R_50
1785860100,1785885300,1785933000,104.4482,stopped_full_loss,-0.3897,R_50
1786136400,1786139100,1786145400,99.4024,partial_then_time_exit,1.6924,R_50
1786411800,1786449600,1786577400,101.1752,stopped_full_loss,-0.4023,R_50
1786411800,1786470300,1786577400,101.1752,stopped_full_loss,-0.4023,R_50
1786453200,1786470300,1786523400,102.3733,partial_then_time_exit,0.592,R_50
1787227200,1787245200,1787305500,100.8377,stopped_full_loss,-0.4036,R_50
1787251500,1787418900,1787419800,100.9269,partial_then_time_exit,1.4799,R_50
1787367600,1787418900,1787486400,99.7901,stopped_full_loss,-0.4078,R_50
1787504400,1787591700,1787699700,98.4315,stopped_full_loss,-0.4135,R_50
1787648400,1787739300,1787751900,98.6846,stopped_full_loss,-0.4124,R_50
1788218100,1788380100,1788383700,94.6354,partial_then_time_exit,2.1163,R_50
1788604200,1788720300,1788754500,99.6321,partial_then_breakeven_stop,0.3946,R_50
1788714000,1788720300,1788723000,100.4557,partial_then_breakeven_stop,0.3914,R_50
1771158600,1771290900,1771317000,2795.522,partial_then_time_exit,0.7323,R_25
1771158600,1771324200,1771397100,2794.129,partial_then_breakeven_stop,0.2064,R_25
1771268400,1771290900,1771453800,2780.66,stopped_full_loss,-0.2147,R_25
1771268400,1771324200,1771453800,2780.66,stopped_full_loss,-0.2147,R_25
1771298100,1771324200,1771336800,2808.226,partial_then_time_exit,0.2597,R_25
1771755300,1771863300,1771956000,2807.405,stopped_full_loss,-0.2127,R_25
1771789500,1771863300,1771956900,2802.93,stopped_full_loss,-0.213,R_25
1771877700,1771996500,1771997400,2835.94,stopped_full_loss,-0.2106,R_25
1771877700,1772037000,1772055900,2844.402,partial_then_time_exit,0.3332,R_25
1772056800,1772108100,1772120700,2850.647,partial_then_time_exit,0.5483,R_25
1772695800,1772797500,1772865000,2813.64,partial_then_time_exit,0.981,R_25
1773001800,1773027900,1773044100,2893.816,partial_then_time_exit,1.3136,R_25
1773263700,1773433800,1773495000,2970.197,partial_then_time_exit,0.7578,R_25
1773415800,1773433800,1773438300,2919.098,partial_then_time_exit,0.7013,R_25
1773457200,1773470700,1773472500,2933.958,partial_then_time_exit,1.6569,R_25
1773595800,1773630900,1773653400,2949.757,partial_then_time_exit,0.8266,R_25
1773595800,1773727200,1773888300,2950.531,stopped_full_loss,-0.2024,R_25
1773708300,1773727200,1773741600,2977.946,partial_then_breakeven_stop,0.1937,R_25
1773708300,1773801900,1773846000,2976.508,stopped_full_loss,-0.2006,R_25
1773791100,1773801900,1773805500,3001.101,partial_then_breakeven_stop,0.1922,R_25
1774018800,1774030500,1774032300,2899.796,partial_then_breakeven_stop,0.1989,R_25
1774377900,1774397700,1774485000,3088.159,partial_then_breakeven_stop,0.1868,R_25
1774377900,1774439100,1774485000,3088.159,partial_then_breakeven_stop,0.1868,R_25
1774405800,1774439100,1774476900,3106.09,stopped_full_loss,-0.1922,R_25
1774405800,1774523700,1774526400,3106.585,stopped_full_loss,-0.1922,R_25
1774448100,1774523700,1774524600,3108.67,stopped_full_loss,-0.1921,R_25
1774448100,1774552500,1774594800,3113.639,partial_then_breakeven_stop,0.1853,R_25
1774594800,1774644300,1774820700,3121.404,partial_then_breakeven_stop,0.1848,R_25
1774627200,1774644300,1774774800,3135.955,partial_then_breakeven_stop,0.1839,R_25
1774845900,1774961100,1774963800,3136.101,stopped_full_loss,-0.1904,R_25
1775216700,1775259900,1775270700,3206.706,partial_then_time_exit,1.0679,R_25
1775330100,1775345400,1775349900,3216.422,partial_then_time_exit,0.783,R_25
1775709000,1775799900,1775805300,3218.539,stopped_full_loss,-0.1855,R_25
1775972700,1775994300,1775997900,3199.637,partial_then_time_exit,0.82,R_25
1775972700,1776013200,1776028500,3200.952,partial_then_time_exit,0.9796,R_25
1776209400,1776221100,1776225600,3295.805,partial_then_time_exit,0.6668,R_25
1776209400,1776270600,1776401100,3294.435,stopped_full_loss,-0.1813,R_25
1776685500,1776755700,1776762000,3172.828,stopped_full_loss,-0.1882,R_25
1776685500,1776844800,1776845700,3166.023,stopped_full_loss,-0.1886,R_25
1776750300,1776755700,1776764700,3166.569,partial_then_breakeven_stop,0.1822,R_25
1776750300,1776844800,1776845700,3166.023,stopped_full_loss,-0.1886,R_25
1776912300,1776971700,1777059000,3110.287,partial_then_time_exit,0.9154,R_25
1777138200,1777290300,1777294800,3125.853,partial_then_time_exit,0.4965,R_25
1777138200,1777307400,1777333500,3127.111,partial_then_breakeven_stop,0.1845,R_25
1777161600,1777290300,1777291200,3134.347,stopped_full_loss,-0.1905,R_25
1777161600,1777307400,1777308300,3136.106,partial_then_breakeven_stop,0.1839,R_25
1777389300,1777414500,1777443300,3139.639,stopped_full_loss,-0.1902,R_25
1777490100,1777589100,1777590000,3144.273,stopped_full_loss,-0.1899,R_25
1777853700,1777859100,1777860900,2992.1,partial_then_breakeven_stop,0.1928,R_25
1778036400,1778209200,1778300100,2963.768,partial_then_breakeven_stop,0.1946,R_25
1778627700,1778643900,1778686200,2898.171,partial_then_breakeven_stop,0.199,R_25
1779894900,1779903900,1779907500,2774.311,partial_then_time_exit,0.8907,R_25
1779894900,1779922800,1780093800,2775.65,stopped_full_loss,-0.2151,R_25
1779894900,1779955200,1780093800,2775.65,stopped_full_loss,-0.2151,R_25
1780406100,1780427700,1780430400,2730.761,partial_then_time_exit,0.426,R_25
1780593300,1780599600,1780607700,2819.78,partial_then_time_exit,0.7208,R_25
1780593300,1780620300,1780670700,2818.989,stopped_full_loss,-0.2118,R_25
1780593300,1780759800,1780826400,2810.238,stopped_full_loss,-0.2125,R_25
1780818300,1780830900,1780832700,2804.184,partial_then_breakeven_stop,0.2057,R_25
1780916400,1781010900,1781025300,2801.107,stopped_full_loss,-0.2132,R_25
1780981200,1781010900,1781184600,2779.861,partial_then_breakeven_stop,0.2075,R_25
1781224200,1781263800,1781319600,2801.246,stopped_full_loss,-0.2132,R_25
1782029700,1782206100,1782208800,2584.289,stopped_full_loss,-0.2311,R_25
1782131400,1782206100,1782219600,2574.548,partial_then_time_exit,0.5822,R_25
1782253800,1782402300,1782430200,2574.894,stopped_full_loss,-0.2319,R_25
1782493200,1782590400,1782594000,2543.3,partial_then_time_exit,0.9317,R_25
1783007100,1783080000,1783152900,2718.199,partial_then_time_exit,0.5175,R_25
1783068300,1783080000,1783091700,2725.104,partial_then_time_exit,0.5004,R_25
1783421100,1783429200,1783435500,2770.363,partial_then_breakeven_stop,0.2082,R_25
1783421100,1783533600,1783584000,2771.315,partial_then_time_exit,0.3839,R_25
1783825200,1783829700,1783832400,2672.931,partial_then_time_exit,0.5957,R_25
1783825200,1783893600,1784043000,2671.456,stopped_full_loss,-0.2235,R_25
1784064600,1784151000,1784151900,2642.109,partial_then_breakeven_stop,0.2183,R_25
1784133900,1784151000,1784188800,2614.12,partial_then_time_exit,0.6366,R_25
1784343600,1784503800,1784504700,2569.342,stopped_full_loss,-0.2324,R_25
1784473200,1784503800,1784507400,2565.082,stopped_full_loss,-0.2328,R_25
1784740500,1784773800,1784813400,2601.15,partial_then_time_exit,0.5761,R_25
1784780100,1784825100,1784859300,2610.559,partial_then_time_exit,1.0134,R_25
1784904300,1785045600,1785052800,2644.218,partial_then_time_exit,0.7236,R_25
1785088800,1785136500,1785178800,2667.888,stopped_full_loss,-0.2238,R_25
1785088800,1785196800,1785204000,2665.774,partial_then_breakeven_stop,0.2164,R_25
1785088800,1785219300,1785306600,2667.652,partial_then_breakeven_stop,0.2162,R_25
1786081500,1786131900,1786161600,2589.928,stopped_full_loss,-0.2306,R_25
1786081500,1786174200,1786179600,2592.075,stopped_full_loss,-0.2304,R_25
1786081500,1786200300,1786204800,2591.698,partial_then_breakeven_stop,0.2226,R_25
1786253400,1786322700,1786381200,2626.351,partial_then_breakeven_stop,0.2196,R_25
1786595400,1786610700,1786617000,2607.316,partial_then_breakeven_stop,0.2212,R_25
1786679100,1786687200,1786698000,2615.027,partial_then_time_exit,1.19,R_25
1786781700,1786808700,1786813200,2652.421,partial_then_time_exit,0.6069,R_25
1786781700,1786829400,1786838400,2655.572,partial_then_breakeven_stop,0.2172,R_25
1787328900,1787332500,1787334300,2628.183,partial_then_time_exit,0.6939,R_25
1787620500,1787669100,1787671800,2646.048,partial_then_breakeven_stop,0.218,R_25
1787620500,1787740200,1787763600,2635.776,partial_then_breakeven_stop,0.2188,R_25
1788309000,1788324300,1788412500,2729.825,partial_then_breakeven_stop,0.2113,R_25
1788309000,1788372900,1788412500,2729.825,partial_then_breakeven_stop,0.2113,R_25
1788309000,1788443100,1788520500,2730.255,partial_then_time_exit,0.3886,R_25
1788327000,1788372900,1788376500,2742.828,partial_then_breakeven_stop,0.2103,R_25
1788327000,1788443100,1788448500,2740.974,partial_then_time_exit,0.8157,R_25
1788885000,1788889500,1788896700,2743.492,partial_then_time_exit,0.5484,R_25
1788885000,1788966000,1788972300,2743.905,stopped_full_loss,-0.2176,R_25
1771049700,1771079400,1771083900,3049.478,partial_then_breakeven_stop,0.2003,CRASH500
1771490700,1771506000,1771523100,3089.091,partial_then_time_exit,0.7462,CRASH500
1771490700,1771547400,1771571700,3092.157,partial_then_breakeven_stop,0.1975,CRASH500
1771490700,1771608600,1771654500,3091.702,partial_then_breakeven_stop,0.1976,CRASH500
1771596000,1771608600,1771660800,3073.425,partial_then_time_exit,0.5455,CRASH500
1771596000,1771676100,1771681500,3077.038,partial_then_time_exit,1.1117,CRASH500
1771596000,1771699500,1771840800,3077.573,partial_then_breakeven_stop,0.1985,CRASH500
1771712100,1771890300,1771891200,3082.178,partial_then_time_exit,1.0601,CRASH500
1771755300,1771890300,1771902900,3097.278,partial_then_breakeven_stop,0.1972,CRASH500
1771755300,1771907400,1771911000,3104.617,stopped_full_loss,-0.2037,CRASH500
1771896600,1771907400,1772041500,3076.196,partial_then_time_exit,1.07,CRASH500
1771896600,1771938000,1772041500,3076.196,partial_then_time_exit,1.07,CRASH500
1771896600,1772068500,1772133300,3081.266,stopped_full_loss,-0.2052,CRASH500
1771921800,1771938000,1772009100,3095.152,partial_then_breakeven_stop,0.1973,CRASH500
1771921800,1772068500,1772113500,3097.907,partial_then_breakeven_stop,0.1972,CRASH500
1772426700,1772564400,1772707500,3016.288,partial_then_breakeven_stop,0.2025,CRASH500
1772505900,1772564400,1772744400,2998.04,partial_then_breakeven_stop,0.2037,CRASH500
1773009900,1773077400,1773128700,2916.633,partial_then_breakeven_stop,0.2094,CRASH500
1773213300,1773252900,1773279000,2971.211,partial_then_breakeven_stop,0.2056,CRASH500
1773213300,1773352800,1773353700,2972.185,partial_then_time_exit,0.4435,CRASH500
1773313200,1773352800,1773355500,2966.244,partial_then_time_exit,0.7296,CRASH500
1773470700,1773494100,1773552600,3019.607,partial_then_time_exit,0.7201,CRASH500
1773470700,1773573300,1773717300,3027.591,partial_then_breakeven_stop,0.2018,CRASH500
1773470700,1773612900,1773717300,3027.591,partial_then_breakeven_stop,0.2018,CRASH500
1773579600,1773612900,1773655200,3038.092,partial_then_breakeven_stop,0.2011,CRASH500
1774265400,1774394100,1774400400,3183.402,partial_then_time_exit,0.4031,CRASH500
1774491300,1774555200,1774563300,3229.517,partial_then_breakeven_stop,0.1891,CRASH500
1774700100,1774710000,1774710900,3354.672,partial_then_time_exit,0.5358,CRASH500
1775059200,1775217600,1775388600,3460.324,stopped_full_loss,-0.1827,CRASH500
1775339100,1775502000,1775676600,3405.572,partial_then_time_exit,0.8351,CRASH500
1775469600,1775502000,1775586600,3505.175,partial_then_breakeven_stop,0.1743,CRASH500
1775469600,1775553300,1775586600,3505.175,partial_then_breakeven_stop,0.1743,CRASH500
1775504700,1775553300,1775556900,3537.525,partial_then_breakeven_stop,0.1727,CRASH500
1775770200,1775786400,1775792700,3424.101,partial_then_breakeven_stop,0.1784,CRASH500
1775770200,1775889900,1775894400,3417.26,partial_then_time_exit,0.7683,CRASH500
1775770200,1775918700,1775965500,3424.764,stopped_full_loss,-0.1846,CRASH500
1775841300,1775889900,1775972700,3403.059,partial_then_time_exit,0.4037,CRASH500
1775841300,1775918700,1775972700,3403.059,partial_then_time_exit,0.4037,CRASH500
1775861100,1775889900,1775891700,3405.055,partial_then_time_exit,0.8018,CRASH500
1775861100,1775918700,1775971800,3409.0,stopped_full_loss,-0.1855,CRASH500
1776370500,1776389400,1776466800,3196.684,partial_then_time_exit,1.5824,CRASH500
1776569400,1776679200,1776740400,3209.677,partial_then_time_exit,0.943,CRASH500
1777087800,1777151700,1777264200,3316.53,partial_then_time_exit,0.888,CRASH500
1777116600,1777151700,1777156200,3344.471,partial_then_time_exit,1.0078,CRASH500
1777867200,1777931100,1777947300,3088.541,partial_then_breakeven_stop,0.1978,CRASH500
1778042700,1778049900,1778055300,3023.951,partial_then_breakeven_stop,0.202,CRASH500
1778373000,1778510700,1778647500,3160.727,partial_then_breakeven_stop,0.1933,CRASH500
1778386500,1778392800,1778393700,3181.335,partial_then_breakeven_stop,0.192,CRASH500
1778386500,1778510700,1778646600,3173.462,stopped_full_loss,-0.1992,CRASH500
1778842800,1778852700,1778894100,3198.053,partial_then_breakeven_stop,0.191,CRASH500
1779122700,1779135300,1779141600,3266.122,partial_then_breakeven_stop,0.187,CRASH500
1779990300,1780035300,1780047900,2990.214,partial_then_breakeven_stop,0.2043,CRASH500
1779990300,1780163100,1780200900,2984.248,partial_then_breakeven_stop,0.2047,CRASH500
1780219800,1780227900,1780232400,2959.869,partial_then_time_exit,0.4563,CRASH500
1780219800,1780241400,1780251300,2960.486,partial_then_time_exit,0.8087,CRASH500
1780219800,1780268400,1780420500,2959.97,stopped_full_loss,-0.2136,CRASH500
1780452900,1780613100,1780770600,2983.704,stopped_full_loss,-0.2119,CRASH500
1780516800,1780613100,1780654500,3050.262,partial_then_breakeven_stop,0.2003,CRASH500
1780565400,1780613100,1780614900,3078.253,partial_then_breakeven_stop,0.1984,CRASH500
1780730100,1780806600,1780813800,3011.211,partial_then_breakeven_stop,0.2028,CRASH500
1780730100,1780890300,1780929900,3000.582,partial_then_breakeven_stop,0.2036,CRASH500
1780795800,1780806600,1780821000,2998.971,partial_then_breakeven_stop,0.2037,CRASH500
1780795800,1780890300,1780926300,2993.367,partial_then_breakeven_stop,0.2041,CRASH500
1780795800,1780955100,1780961400,3003.247,partial_then_time_exit,0.5836,CRASH500
1780941600,1780955100,1781019900,2996.29,stopped_full_loss,-0.211,CRASH500
1780941600,1781041500,1781210700,2993.659,stopped_full_loss,-0.2112,CRASH500
1780941600,1781089200,1781210700,2993.659,stopped_full_loss,-0.2112,CRASH500
1781042400,1781089200,1781194500,3009.587,stopped_full_loss,-0.2101,CRASH500
1781106300,1781286300,1781451000,3035.355,partial_then_breakeven_stop,0.2012,CRASH500
1781302500,1781318700,1781352900,3066.42,partial_then_time_exit,0.2592,CRASH500
1781615700,1781707500,1781857800,2974.108,partial_then_breakeven_stop,0.2054,CRASH500
1781615700,1781739000,1781857800,2974.108,partial_then_breakeven_stop,0.2054,CRASH500
1781719200,1781739000,1781766900,3060.522,partial_then_breakeven_stop,0.1996,CRASH500
1782494100,1782639000,1782690300,2820.091,partial_then_breakeven_stop,0.2166,CRASH500
1782583200,1782639000,1782674100,2835.38,partial_then_breakeven_stop,0.2154,CRASH500
1782583200,1782752400,1782780300,2824.747,stopped_full_loss,-0.2238,CRASH500
1782738900,1782752400,1782755100,2806.092,partial_then_time_exit,0.5208,CRASH500
1782787500,1782811800,1782821700,2820.667,partial_then_time_exit,0.7989,CRASH500
1782787500,1782858600,1783032300,2818.967,stopped_full_loss,-0.2243,CRASH500
1782787500,1782886500,1783032300,2818.967,stopped_full_loss,-0.2243,CRASH500
1782852300,1782858600,1782952200,2844.148,partial_then_breakeven_stop,0.2148,CRASH500
1782852300,1782886500,1782952200,2844.148,partial_then_breakeven_stop,0.2148,CRASH500
1782893700,1783057500,1783081800,2858.293,partial_then_breakeven_stop,0.2137,CRASH500
1783476900,1783503000,1783503900,2814.419,stopped_full_loss,-0.2247,CRASH500
1783476900,1783605600,1783609200,2819.054,partial_then_time_exit,0.7187,CRASH500
1783672200,1783689300,1783808100,2859.437,partial_then_breakeven_stop,0.2136,CRASH500
1783672200,1783831500,1783832400,2859.552,stopped_full_loss,-0.2211,CRASH500
1783734300,1783831500,1783834200,2860.418,stopped_full_loss,-0.2211,CRASH500
1783931400,1783942200,1784003400,2884.591,partial_then_breakeven_stop,0.2118,CRASH500
1783931400,1783962900,1784003400,2884.591,partial_then_breakeven_stop,0.2118,CRASH500
1783931400,1784081700,1784082600,2881.561,stopped_full_loss,-0.2194,CRASH500
1783945800,1783962900,1783971900,2896.383,partial_then_breakeven_stop,0.2109,CRASH500
1783945800,1784081700,1784133000,2889.406,partial_then_breakeven_stop,0.2114,CRASH500
1784151000,1784158200,1784160900,2895.918,partial_then_breakeven_stop,0.2109,CRASH500
1784378700,1784463300,1784527200,3011.971,stopped_full_loss,-0.2099,CRASH500
1784657700,1784685600,1784689200,2950.059,partial_then_time_exit,0.9183,CRASH500
1784938500,1784943900,1784945700,3063.925,partial_then_time_exit,0.9237,CRASH500
1784938500,1785096000,1785255300,3065.507,partial_then_breakeven_stop,0.1993,CRASH500
1785010500,1785096000,1785153600,3090.57,partial_then_time_exit,0.644,CRASH500
1785087000,1785096000,1785097800,3102.401,partial_then_time_exit,0.568,CRASH500
1785286800,1785448800,1785470400,3069.07,partial_then_breakeven_stop,0.199,CRASH500
1785421800,1785448800,1785452400,3055.411,partial_then_breakeven_stop,0.1999,CRASH500
1785421800,1785549600,1785550500,3058.739,stopped_full_loss,-0.2067,CRASH500
1785421800,1785576600,1785601800,3048.549,partial_then_breakeven_stop,0.2004,CRASH500
1785522600,1785549600,1785559500,3037.708,partial_then_breakeven_stop,0.2011,CRASH500
1785522600,1785576600,1785594600,3034.553,partial_then_breakeven_stop,0.2013,CRASH500
1785522600,1785648600,1785649500,3034.316,partial_then_time_exit,0.2861,CRASH500
1785821400,1785884400,1785889800,3018.381,partial_then_breakeven_stop,0.2024,CRASH500
1786059000,1786077900,1786079700,3074.585,partial_then_time_exit,1.3675,CRASH500
1786102200,1786124700,1786272300,3112.583,partial_then_breakeven_stop,0.1962,CRASH500
1786185900,1786297500,1786322700,3169.213,partial_then_breakeven_stop,0.1927,CRASH500
1786185900,1786365900,1786367700,3177.508,stopped_full_loss,-0.199,CRASH500
1786721400,1786742100,1786781700,3072.157,partial_then_time_exit,0.3596,CRASH500
1786997700,1787098500,1787123700,3034.897,partial_then_breakeven_stop,0.2013,CRASH500
1787068800,1787098500,1787109300,3014.527,partial_then_breakeven_stop,0.2026,CRASH500
1787533200,1787644800,1787645700,2954.198,partial_then_breakeven_stop,0.2068,CRASH500
1787626800,1787644800,1787646600,2948.479,partial_then_time_exit,1.1255,CRASH500
1787672700,1787715000,1787863500,2970.19,partial_then_breakeven_stop,0.2057,CRASH500
1788105600,1788122700,1788203700,2900.998,partial_then_breakeven_stop,0.2106,CRASH500
1788105600,1788151500,1788203700,2900.998,partial_then_breakeven_stop,0.2106,CRASH500
1788146100,1788151500,1788152400,2919.916,partial_then_breakeven_stop,0.2092,CRASH500
1788271200,1788298200,1788301800,2953.045,partial_then_time_exit,0.5749,CRASH500
1788420600,1788459300,1788480000,2965.065,partial_then_breakeven_stop,0.206,CRASH500
1788420600,1788488100,1788489000,2967.416,partial_then_breakeven_stop,0.2058,CRASH500
1788514200,1788521400,1788524100,2916.633,partial_then_breakeven_stop,0.2094,CRASH500
1771020000,1771065900,1771076700,5276.832,partial_then_time_exit,0.9596,BOOM500
1771295400,1771304400,1771393500,5479.876,stopped_full_loss,-0.192,BOOM500
1771479900,1771551000,1771560000,5345.024,partial_then_time_exit,1.023,BOOM500
1771479900,1771576200,1771620300,5347.758,partial_then_time_exit,1.8257,BOOM500
1771560900,1771576200,1771620300,5347.758,partial_then_time_exit,1.8257,BOOM500
1771740900,1771766100,1771777800,5508.0,partial_then_time_exit,1.2739,BOOM500
1771806600,1771875000,1771946100,5572.57,partial_then_time_exit,0.79,BOOM500
1771806600,1771974900,1772025300,5575.894,stopped_full_loss,-0.1887,BOOM500
1771867800,1771875000,1771882200,5658.487,partial_then_breakeven_stop,0.1797,BOOM500
1771867800,1771974900,1771992000,5661.225,stopped_full_loss,-0.1859,BOOM500
1772032500,1772159400,1772322300,5545.937,partial_then_breakeven_stop,0.1833,BOOM500
1772032500,1772181000,1772322300,5545.937,partial_then_breakeven_stop,0.1833,BOOM500
1772080200,1772159400,1772163900,5601.49,stopped_full_loss,-0.1879,BOOM500
1772080200,1772181000,1772189100,5607.094,stopped_full_loss,-0.1877,BOOM500
1772137800,1772159400,1772282700,5568.121,partial_then_breakeven_stop,0.1826,BOOM500
1772137800,1772181000,1772282700,5568.121,partial_then_breakeven_stop,0.1826,BOOM500
1772149500,1772159400,1772165700,5582.368,partial_then_time_exit,0.7752,BOOM500
1772149500,1772181000,1772193600,5583.883,partial_then_time_exit,0.5909,BOOM500
1772644500,1772704800,1772817300,5384.372,stopped_full_loss,-0.1954,BOOM500
1772965800,1772973900,1773127800,5295.544,partial_then_breakeven_stop,0.192,BOOM500
1773180000,1773210600,1773351900,5225.283,partial_then_time_exit,1.7079,BOOM500
1773687600,1773789300,1773855900,5035.261,partial_then_time_exit,2.2358,BOOM500
1773741600,1773789300,1773853200,5048.049,stopped_full_loss,-0.2085,BOOM500
1773953100,1774120500,1774122300,5200.707,stopped_full_loss,-0.2023,BOOM500
1774140300,1774152900,1774260000,5183.233,partial_then_breakeven_stop,0.1961,BOOM500
1774140300,1774188900,1774260000,5183.233,partial_then_breakeven_stop,0.1961,BOOM500
1774140300,1774281600,1774284300,5184.089,partial_then_time_exit,0.7873,BOOM500
1774197000,1774281600,1774305000,5272.18,partial_then_breakeven_stop,0.1928,BOOM500
1774197000,1774305900,1774306800,5281.694,stopped_full_loss,-0.1992,BOOM500
1774629000,1774634400,1774638900,5239.617,partial_then_time_exit,1.3403,BOOM500
1774629000,1774797300,1774834200,5239.179,stopped_full_loss,-0.2009,BOOM500
1774785600,1774797300,1774806300,5254.008,partial_then_breakeven_stop,0.1935,BOOM500
1774785600,1774863000,1774864800,5254.914,stopped_full_loss,-0.2003,BOOM500
1775313000,1775367900,1775487600,5149.562,partial_then_time_exit,0.4869,BOOM500
1775749500,1775766600,1775776500,5231.307,partial_then_time_exit,0.3181,BOOM500
1775749500,1775874600,1775889900,5228.932,stopped_full_loss,-0.2013,BOOM500
1775749500,1775916900,1776061800,5227.915,partial_then_time_exit,0.6697,BOOM500
1775776500,1775874600,1775881800,5240.971,stopped_full_loss,-0.2008,BOOM500
1775776500,1775916900,1776036600,5241.216,partial_then_breakeven_stop,0.194,BOOM500
1775891700,1775916900,1776061800,5227.915,partial_then_time_exit,0.6697,BOOM500
1775954700,1776123900,1776124800,5310.777,stopped_full_loss,-0.1982,BOOM500
1776037500,1776123900,1776184200,5243.797,stopped_full_loss,-0.2007,BOOM500
1776037500,1776140100,1776184200,5243.797,stopped_full_loss,-0.2007,BOOM500
1776130200,1776140100,1776144600,5296.408,partial_then_breakeven_stop,0.1919,BOOM500
1776130200,1776224700,1776299400,5282.079,stopped_full_loss,-0.1992,BOOM500
1776130200,1776237300,1776299400,5282.079,stopped_full_loss,-0.1992,BOOM500
1776130200,1776265200,1776299400,5282.079,stopped_full_loss,-0.1992,BOOM500
1776130200,1776302100,1776303000,5292.013,stopped_full_loss,-0.1989,BOOM500
1776231900,1776237300,1776244500,5200.595,partial_then_breakeven_stop,0.1955,BOOM500
1776231900,1776265200,1776275100,5200.489,partial_then_time_exit,1.5238,BOOM500
1776231900,1776302100,1776357900,5197.995,partial_then_time_exit,0.724,BOOM500
1776275100,1776302100,1776351600,5210.495,stopped_full_loss,-0.202,BOOM500
1776392100,1776426300,1776585600,5237.448,partial_then_breakeven_stop,0.1941,BOOM500
1776510900,1776644100,1776793500,5255.486,partial_then_time_exit,0.3297,BOOM500
1776664800,1776798900,1776800700,5279.985,stopped_full_loss,-0.1993,BOOM500
1776797100,1776798900,1776851100,5260.22,stopped_full_loss,-0.2001,BOOM500
1776815100,1776981600,1777013100,5270.229,partial_then_breakeven_stop,0.1929,BOOM500
1777138200,1777315500,1777418100,5401.577,stopped_full_loss,-0.1948,BOOM500
1777182300,1777189500,1777203900,5434.527,partial_then_time_exit,0.9046,BOOM500
1777182300,1777315500,1777382100,5435.678,stopped_full_loss,-0.1936,BOOM500
1777267800,1777315500,1777371300,5463.124,stopped_full_loss,-0.1926,BOOM500
1778337000,1778395500,1778413500,5126.322,partial_then_breakeven_stop,0.1983,BOOM500
1778337000,1778431500,1778440500,5126.534,partial_then_time_exit,1.1337,BOOM500
1778819400,1778937300,1778956200,5472.509,partial_then_time_exit,1.1001,BOOM500
1778819400,1778984100,1779090300,5471.892,partial_then_breakeven_stop,0.1858,BOOM500
1779002100,1779006600,1779025500,5567.879,partial_then_breakeven_stop,0.1826,BOOM500
1779002100,1779136200,1779137100,5561.046,stopped_full_loss,-0.1892,BOOM500
1779164100,1779298200,1779409800,5549.69,partial_then_breakeven_stop,0.1832,BOOM500
1779164100,1779344100,1779409800,5549.69,partial_then_breakeven_stop,0.1832,BOOM500
1779305400,1779344100,1779353100,5465.38,partial_then_time_exit,0.3616,BOOM500
1779305400,1779389100,1779471000,5464.074,stopped_full_loss,-0.1926,BOOM500
1779746400,1779757200,1779785100,5308.666,partial_then_breakeven_stop,0.1915,BOOM500
1779746400,1779914700,1780065900,5304.797,stopped_full_loss,-0.1984,BOOM500
1779815700,1779976800,1780121700,5283.538,partial_then_breakeven_stop,0.1924,BOOM500
1779859800,1779914700,1779961500,5371.228,partial_then_breakeven_stop,0.1893,BOOM500
1779859800,1779976800,1780055100,5366.85,stopped_full_loss,-0.1961,BOOM500
1779859800,1780001100,1780055100,5366.85,stopped_full_loss,-0.1961,BOOM500
1779920100,1779976800,1780053300,5373.891,stopped_full_loss,-0.1958,BOOM500
1779920100,1780001100,1780053300,5373.891,stopped_full_loss,-0.1958,BOOM500
1780068600,1780190100,1780191000,5282.755,stopped_full_loss,-0.1992,BOOM500
1780595100,1780738200,1780745400,5141.751,partial_then_breakeven_stop,0.1977,BOOM500
1780662600,1780738200,1780792200,5059.43,stopped_full_loss,-0.208,BOOM500
1780662600,1780829100,1780841700,5060.302,stopped_full_loss,-0.208,BOOM500
1780746300,1780829100,1780885800,5129.364,stopped_full_loss,-0.2052,BOOM500
1780909200,1780992900,1781005500,5109.919,partial_then_time_exit,1.4735,BOOM500
1781108100,1781128800,1781213400,5270.752,stopped_full_loss,-0.1997,BOOM500
1781108100,1781146800,1781213400,5270.752,stopped_full_loss,-0.1997,BOOM500
1781108100,1781230500,1781300700,5272.57,partial_then_time_exit,1.1437,BOOM500
1781342100,1781364600,1781370000,5343.624,partial_then_time_exit,0.6032,BOOM500
1781342100,1781401500,1781566200,5350.562,partial_then_breakeven_stop,0.19,BOOM500
1781714700,1781731800,1781759700,5195.925,partial_then_time_exit,0.2604,BOOM500
1782066600,1782075600,1782127800,4961.398,stopped_full_loss,-0.2121,BOOM500
1782066600,1782170100,1782175500,4959.675,partial_then_breakeven_stop,0.205,BOOM500
1782940500,1782956700,1783107000,5238.071,stopped_full_loss,-0.2009,BOOM500
1782940500,1783071000,1783107000,5238.071,stopped_full_loss,-0.2009,BOOM500
1783040400,1783071000,1783073700,5268.58,partial_then_breakeven_stop,0.193,BOOM500
1783040400,1783190700,1783205100,5258.327,partial_then_breakeven_stop,0.1933,BOOM500
1783198800,1783276200,1783277100,5226.659,stopped_full_loss,-0.2013,BOOM500
1783265400,1783276200,1783291500,5191.269,partial_then_time_exit,0.3149,BOOM500
1783738800,1783810800,1783812600,4949.988,partial_then_time_exit,1.0546,BOOM500
1783847700,1783890900,1783959300,4995.664,partial_then_time_exit,0.3397,BOOM500
1784204100,1784254500,1784263500,5033.245,partial_then_time_exit,0.8887,BOOM500
1784361600,1784511900,1784564100,4988.95,stopped_full_loss,-0.2109,BOOM500
1784361600,1784541600,1784564100,4988.95,stopped_full_loss,-0.2109,BOOM500
1784533500,1784541600,1784610000,4918.322,stopped_full_loss,-0.214,BOOM500
1784533500,1784709000,1784712600,4919.873,stopped_full_loss,-0.2139,BOOM500
1784549700,1784709000,1784709900,4933.751,stopped_full_loss,-0.2133,BOOM500
1784809800,1784816100,1784821500,4857.181,partial_then_breakeven_stop,0.2093,BOOM500
1784850300,1785018600,1785107700,4879.229,partial_then_breakeven_stop,0.2084,BOOM500
1784939400,1785018600,1785082500,4972.812,stopped_full_loss,-0.2116,BOOM500
1784939400,1785061800,1785082500,4972.812,stopped_full_loss,-0.2116,BOOM500
1785016800,1785018600,1785044700,4914.71,stopped_full_loss,-0.2141,BOOM500
1785016800,1785061800,1785066300,4915.165,partial_then_breakeven_stop,0.2068,BOOM500
1785016800,1785123000,1785123900,4907.334,stopped_full_loss,-0.2144,BOOM500
1785016800,1785174300,1785213900,4910.732,stopped_full_loss,-0.2143,BOOM500
1785505500,1785527100,1785537000,4715.38,partial_then_time_exit,0.7785,BOOM500
1785862800,1785869100,1785892500,4757.661,partial_then_time_exit,0.96,BOOM500
1786005000,1786114800,1786179600,4700.974,stopped_full_loss,-0.2239,BOOM500
1786122900,1786222800,1786235400,4724.991,stopped_full_loss,-0.2227,BOOM500
1786122900,1786238100,1786239000,4721.435,stopped_full_loss,-0.2229,BOOM500
1786122900,1786262400,1786266900,4733.974,partial_then_breakeven_stop,0.2147,BOOM500
1786230900,1786238100,1786239900,4713.24,partial_then_time_exit,0.5808,BOOM500
1786230900,1786262400,1786310100,4715.072,partial_then_breakeven_stop,0.2156,BOOM500
1786230900,1786408200,1786438800,4704.559,stopped_full_loss,-0.2237,BOOM500
1786674600,1786696200,1786748400,4485.241,partial_then_breakeven_stop,0.2267,BOOM500
1787040000,1787090400,1787143500,4659.821,partial_then_breakeven_stop,0.2182,BOOM500
1787040000,1787199300,1787200200,4654.969,stopped_full_loss,-0.2261,BOOM500
1787083200,1787090400,1787094000,4692.664,partial_then_breakeven_stop,0.2166,BOOM500
1787083200,1787199300,1787222700,4678.564,partial_then_time_exit,0.2998,BOOM500
1787209200,1787322600,1787502600,4627.495,partial_then_time_exit,1.2369,BOOM500
1787209200,1787341500,1787502600,4627.495,partial_then_time_exit,1.2369,BOOM500
1787350500,1787436000,1787436900,4702.654,stopped_full_loss,-0.2238,BOOM500
1787350500,1787528700,1787531400,4700.792,stopped_full_loss,-0.2239,BOOM500
1787578200,1787726700,1787877900,4725.429,stopped_full_loss,-0.2227,BOOM500
1787578200,1787751000,1787877900,4725.429,stopped_full_loss,-0.2227,BOOM500
1787718600,1787726700,1787736600,4735.197,partial_then_breakeven_stop,0.2147,BOOM500
1787718600,1787751000,1787777100,4736.662,partial_then_time_exit,0.8075,BOOM500
1787896800,1788012000,1788037200,4669.391,stopped_full_loss,-0.2254,BOOM500
1788022800,1788187500,1788231600,4610.309,stopped_full_loss,-0.2283,BOOM500
1788118200,1788187500,1788201000,4557.402,partial_then_time_exit,0.7308,BOOM500
1788245100,1788253200,1788260400,4614.073,partial_then_time_exit,0.4565,BOOM500
1788419700,1788435900,1788480000,4656.238,partial_then_time_exit,0.8184,BOOM500
1788539400,1788633000,1788801300,4689.279,stopped_full_loss,-0.2244,BOOM500
1788588000,1788609600,1788620400,4746.782,partial_then_time_exit,0.8044,BOOM500
1788588000,1788633000,1788654600,4754.688,partial_then_time_exit,0.9643,BOOM500
